{"11":{"country":"Angola","continent":"Africa","code":"AO"},"12":{"country":"Angola","continent":"Africa","code":"AO"},"13":{"country":"Angola","continent":"Africa","code":"AO"},"14":{"country":"Angola","continent":"Africa","code":"AO"},"15":{"country":"Angola","continent":"Africa","code":"AO"},"16":{"country":"Angola","continent":"Africa","code":"AO"},"17":{"country":"Angola","continent":"Africa","code":"AO"},"18":{"country":"Angola","continent":"Africa","code":"AO"},"19":{"country":"Angola","continent":"Africa","code":"AO"},"20":{"country":"Angola","continent":"Africa","code":"AO"},"21":{"country":"Angola","continent":"Africa","code":"AO"},"22":{"country":"Zambia","continent":"Africa","code":"ZM"},"23":{"country":"Zambia","continent":"Africa","code":"ZM"},"24":{"country":"Zambia","continent":"Africa","code":"ZM"},"25":{"country":"Zambia","continent":"Africa","code":"ZM"},"26":{"country":"Zambia","continent":"Africa","code":"ZM"},"27":{"country":"Zambia","continent":"Africa","code":"ZM"},"28":{"country":"Zambia","continent":"Africa","code":"ZM"},"29":{"country":"Zambia","continent":"Africa","code":"ZM"},"30":{"country":"Zambia","continent":"Africa","code":"ZM"},"31":{"country":"Zambia","continent":"Africa","code":"ZM"},"32":{"country":"Zambia","continent":"Africa","code":"ZM"},"33":{"country":"Zambia","continent":"Africa","code":"ZM"},"34":{"country":"Malawi","continent":"Africa","code":"MW"},"35":{"country":"Malawi","continent":"Africa","code":"MW"},"36":{"country":"Mozambique","continent":"Africa","code":"MZ"},"37":{"country":"Mozambique","continent":"Africa","code":"MZ"},"38":{"country":"Mozambique","continent":"Africa","code":"MZ"},"39":{"country":"Mozambique","continent":"Africa","code":"MZ"},"40":{"country":"Mozambique","continent":"Africa","code":"MZ"},"41":{"country":"Mozambique","continent":"Africa","code":"MZ"},"42":{"country":"Mozambique","continent":"Africa","code":"MZ"},"46":{"country":"Madagascar","continent":"Africa","code":"MG"},"47":{"country":"Madagascar","continent":"Africa","code":"MG"},"48":{"country":"Madagascar","continent":"Africa","code":"MG"},"49":{"country":"Madagascar","continent":"Africa","code":"MG"},"50":{"country":"Madagascar","continent":"Africa","code":"MG"},"51":{"country":"Madagascar","continent":"Africa","code":"MG"},"57":{"country":"Mauritius","continent":"Africa","code":"MU"},"58":{"country":"Mauritius","continent":"Africa","code":"MU"},"59":{"country":"Mauritius","continent":"Africa","code":"MU"},"60":{"country":"Mauritius","continent":"Africa","code":"MU"},"61":{"country":"Mauritius","continent":"Africa","code":"MU"},"120":{"country":"Australia","continent":"Oceania","code":"AU"},"121":{"country":"Australia","continent":"Oceania","code":"AU"},"122":{"country":"Australia","continent":"Oceania","code":"AU"},"123":{"country":"Australia","continent":"Oceania","code":"AU"},"124":{"country":"Australia","continent":"Oceania","code":"AU"},"125":{"country":"Australia","continent":"Oceania","code":"AU"},"126":{"country":"Australia","continent":"Oceania","code":"AU"},"127":{"country":"Australia","continent":"Oceania","code":"AU"},"128":{"country":"Australia","continent":"Oceania","code":"AU"},"129":{"country":"Australia","continent":"Oceania","code":"AU"},"130":{"country":"Australia","continent":"Oceania","code":"AU"},"131":{"country":"Australia","continent":"Oceania","code":"AU"},"132":{"country":"Australia","continent":"Oceania","code":"AU"},"133":{"country":"Australia","continent":"Oceania","code":"AU"},"134":{"country":"Australia","continent":"Oceania","code":"AU"},"135":{"country":"Australia","continent":"Oceania","code":"AU"},"136":{"country":"Australia","continent":"Oceania","code":"AU"},"137":{"country":"Australia","continent":"Oceania","code":"AU"},"138":{"country":"Australia","continent":"Oceania","code":"AU"},"139":{"country":"Australia","continent":"Oceania","code":"AU"},"140":{"country":"Australia","continent":"Oceania","code":"AU"},"141":{"country":"Australia","continent":"Oceania","code":"AU"},"142":{"country":"Australia","continent":"Oceania","code":"AU"},"143":{"country":"Australia","continent":"Oceania","code":"AU"},"144":{"country":"Australia","continent":"Oceania","code":"AU"},"145":{"country":"Australia","continent":"Oceania","code":"AU"},"146":{"country":"Australia","continent":"Oceania","code":"AU"},"147":{"country":"Australia","continent":"Oceania","code":"AU"},"148":{"country":"Australia","continent":"Oceania","code":"AU"},"149":{"country":"Australia","continent":"Oceania","code":"AU"},"150":{"country":"Australia","continent":"Oceania","code":"AU"},"151":{"country":"Australia","continent":"Oceania","code":"AU"},"152":{"country":"Australia","continent":"Oceania","code":"AU"},"153":{"country":"Australia","continent":"Oceania","code":"AU"},"154":{"country":"Australia","continent":"Oceania","code":"AU"},"155":{"country":"Australia","continent":"Oceania","code":"AU"},"156":{"country":"Papua New Guinea","continent":"Oceania","code":"PG"},"157":{"country":"Solomon Islands","continent":"Oceania","code":"SB"},"158":{"country":"Solomon Islands","continent":"Oceania","code":"SB"},"159":{"country":"Solomon Islands","continent":"Oceania","code":"SB"},"160":{"country":"Vanuatu","continent":"Oceania","code":"VU"},"161":{"country":"Vanuatu","continent":"Oceania","code":"VU"},"162":{"country":"Vanuatu","continent":"Oceania","code":"VU"},"163":{"country":"Vanuatu","continent":"Oceania","code":"VU"},"164":{"country":"Vanuatu","continent":"Oceania","code":"VU"},"165":{"country":"Vanuatu","continent":"Oceania","code":"VU"},"166":{"country":"Vanuatu","continent":"Oceania","code":"VU"},"167":{"country":"Vanuatu","continent":"Oceania","code":"VU"},"168":{"country":"Vanuatu","continent":"Oceania","code":"VU"},"169":{"country":"Vanuatu","continent":"Oceania","code":"VU"},"170":{"country":"Vanuatu","continent":"Oceania","code":"VU"},"171":{"country":"Vanuatu","continent":"Oceania","code":"VU"},"172":{"country":"Vanuatu","continent":"Oceania","code":"VU"},"175":{"country":"Fiji","continent":"Oceania","code":"FJ"},"176":{"country":"Fiji","continent":"Oceania","code":"FJ"},"177":{"country":"Fiji","continent":"Oceania","code":"FJ"},"178":{"country":"Fiji","continent":"Oceania","code":"FJ"},"179":{"country":"Fiji","continent":"Oceania","code":"FJ"},"-178":{"country":"France","continent":"Europe","code":"FR"},"-177":{"country":"France","continent":"Europe","code":"FR"},"-173":{"country":"Samoa","continent":"Oceania","code":"WS"},"-172":{"country":"Samoa","continent":"Oceania","code":"WS"},"-171":{"country":"United States","continent":"North America","code":"US"},"-170":{"country":"United States","continent":"North America","code":"US"},"-169":{"country":"United States","continent":"North America","code":"US"},"-168":{"country":"United States","continent":"North America","code":"US"},"-166":{"country":"New Zealand","continent":"Oceania","code":"NZ"},"-165":{"country":"New Zealand","continent":"Oceania","code":"NZ"},"-164":{"country":"New Zealand","continent":"Oceania","code":"NZ"},"-163":{"country":"New Zealand","continent":"Oceania","code":"NZ"},"-162":{"country":"New Zealand","continent":"Oceania","code":"NZ"},"-161":{"country":"New Zealand","continent":"Oceania","code":"NZ"},"-160":{"country":"New Zealand","continent":"Oceania","code":"NZ"},"-159":{"country":"New Zealand","continent":"Oceania","code":"NZ"},"-158":{"country":"New Zealand","continent":"Oceania","code":"NZ"},"-157":{"country":"New Zealand","continent":"Oceania","code":"NZ"},"-156":{"country":"Kiribati","continent":"Oceania","code":"KI"},"-155":{"country":"Kiribati","continent":"Oceania","code":"KI"},"-154":{"country":"Kiribati","continent":"Oceania","code":"KI"},"-153":{"country":"France","continent":"Europe","code":"FR"},"-152":{"country":"France","continent":"Europe","code":"FR"},"-151":{"country":"France","continent":"Europe","code":"FR"},"-150":{"country":"France","continent":"Europe","code":"FR"},"-149":{"country":"France","continent":"Europe","code":"FR"},"-148":{"country":"France","continent":"Europe","code":"FR"},"-147":{"country":"France","continent":"Europe","code":"FR"},"-146":{"country":"France","continent":"Europe","code":"FR"},"-145":{"country":"France","continent":"Europe","code":"FR"},"-144":{"country":"France","continent":"Europe","code":"FR"},"-143":{"country":"France","continent":"Europe","code":"FR"},"-142":{"country":"France","continent":"Europe","code":"FR"},"-141":{"country":"France","continent":"Europe","code":"FR"},"-140":{"country":"France","continent":"Europe","code":"FR"},"-139":{"country":"France","continent":"Europe","code":"FR"},"-138":{"country":"France","continent":"Europe","code":"FR"},"-137":{"country":"France","continent":"Europe","code":"FR"},"-136":{"country":"France","continent":"Europe","code":"FR"},"-135":{"country":"France","continent":"Europe","code":"FR"},"-85":{"country":"Peru","continent":"South America","code":"PE"},"-84":{"country":"Peru","continent":"South America","code":"PE"},"-83":{"country":"Peru","continent":"South America","code":"PE"},"-82":{"country":"Peru","continent":"South America","code":"PE"},"-81":{"country":"Peru","continent":"South America","code":"PE"},"-80":{"country":"Peru","continent":"South America","code":"PE"},"-79":{"country":"Peru","continent":"South America","code":"PE"},"-78":{"country":"Peru","continent":"South America","code":"PE"},"-77":{"country":"Peru","continent":"South America","code":"PE"},"-76":{"country":"Peru","continent":"South America","code":"PE"},"-75":{"country":"Peru","continent":"South America","code":"PE"},"-74":{"country":"Peru","continent":"South America","code":"PE"},"-73":{"country":"Peru","continent":"South America","code":"PE"},"-72":{"country":"Peru","continent":"South America","code":"PE"},"-71":{"country":"Peru","continent":"South America","code":"PE"},"-70":{"country":"Peru","continent":"South America","code":"PE"},"-69":{"country":"Peru","continent":"South America","code":"PE"},"-68":{"country":"Bolivia","continent":"South America","code":"BO"},"-67":{"country":"Bolivia","continent":"South America","code":"BO"},"-66":{"country":"Bolivia","continent":"South America","code":"BO"},"-65":{"country":"Bolivia","continent":"South America","code":"BO"},"-64":{"country":"Bolivia","continent":"South America","code":"BO"},"-63":{"country":"Bolivia","continent":"South America","code":"BO"},"-62":{"country":"Bolivia","continent":"South America","code":"BO"},"-61":{"country":"Bolivia","continent":"South America","code":"BO"},"-60":{"country":"Brazil","continent":"South America","code":"BR"},"-59":{"country":"Brazil","continent":"South America","code":"BR"},"-58":{"country":"Brazil","continent":"South America","code":"BR"},"-57":{"country":"Brazil","continent":"South America","code":"BR"},"-56":{"country":"Brazil","continent":"South America","code":"BR"},"-55":{"country":"Brazil","continent":"South America","code":"BR"},"-54":{"country":"Brazil","continent":"South America","code":"BR"},"-53":{"country":"Brazil","continent":"South America","code":"BR"},"-52":{"country":"Brazil","continent":"South America","code":"BR"},"-51":{"country":"Brazil","continent":"South America","code":"BR"},"-50":{"country":"Brazil","continent":"South America","code":"BR"},"-49":{"country":"Brazil","continent":"South America","code":"BR"},"-48":{"country":"Brazil","continent":"South America","code":"BR"},"-47":{"country":"Brazil","continent":"South America","code":"BR"},"-46":{"country":"Brazil","continent":"South America","code":"BR"},"-45":{"country":"Brazil","continent":"South America","code":"BR"},"-44":{"country":"Brazil","continent":"South America","code":"BR"},"-43":{"country":"Brazil","continent":"South America","code":"BR"},"-42":{"country":"Brazil","continent":"South America","code":"BR"},"-41":{"country":"Brazil","continent":"South America","code":"BR"},"-40":{"country":"Brazil","continent":"South America","code":"BR"},"-39":{"country":"Brazil","continent":"South America","code":"BR"},"-38":{"country":"Brazil","continent":"South America","code":"BR"},"-37":{"country":"Brazil","continent":"South America","code":"BR"},"-36":{"country":"Brazil","continent":"South America","code":"BR"},"-35":{"country":"Brazil","continent":"South America","code":"BR"},"-34":{"country":"Brazil","continent":"South America","code":"BR"},"-33":{"country":"Brazil","continent":"South America","code":"BR"},"-32":{"country":"Brazil","continent":"South America","code":"BR"},"-31":{"country":"Brazil","continent":"South America","code":"BR"},"-30":{"country":"Brazil","continent":"South America","code":"BR"},"-29":{"country":"Brazil","continent":"South America","code":"BR"}}