{"0":{"country":"Ghana","continent":"Africa","code":"GH"},"1":{"country":"Togo","continent":"Africa","code":"TG"},"2":{"country":"Benin","continent":"Africa","code":"BJ"},"3":{"country":"Nigeria","continent":"Africa","code":"NG"},"4":{"country":"Nigeria","continent":"Africa","code":"NG"},"5":{"country":"Nigeria","continent":"Africa","code":"NG"},"6":{"country":"Nigeria","continent":"Africa","code":"NG"},"7":{"country":"Nigeria","continent":"Africa","code":"NG"},"8":{"country":"Nigeria","continent":"Africa","code":"NG"},"9":{"country":"Nigeria","continent":"Africa","code":"NG"},"10":{"country":"Nigeria","continent":"Africa","code":"NG"},"11":{"country":"Nigeria","continent":"Africa","code":"NG"},"12":{"country":"Nigeria","continent":"Africa","code":"NG"},"13":{"country":"Cameroon","continent":"Africa","code":"CM"},"14":{"country":"Cameroon","continent":"Africa","code":"CM"},"15":{"country":"Cameroon","continent":"Africa","code":"CM"},"16":{"country":"Chad","continent":"Africa","code":"TD"},"17":{"country":"Chad","continent":"Africa","code":"TD"},"18":{"country":"Chad","continent":"Africa","code":"TD"},"19":{"country":"Central African Republic","continent":"Africa","code":"CF"},"20":{"country":"Central African Republic","continent":"Africa","code":"CF"},"21":{"country":"Central African Republic","continent":"Africa","code":"CF"},"22":{"country":"Central African Republic","continent":"Africa","code":"CF"},"23":{"country":"Central African Republic","continent":"Africa","code":"CF"},"24":{"country":"Central African Republic","continent":"Africa","code":"CF"},"25":{"country":"South Sudan","continent":"Africa","code":"SS"},"26":{"country":"South Sudan","continent":"Africa","code":"SS"},"27":{"country":"South Sudan","continent":"Africa","code":"SS"},"28":{"country":"South Sudan","continent":"Africa","code":"SS"},"29":{"country":"South Sudan","continent":"Africa","code":"SS"},"30":{"country":"South Sudan","continent":"Africa","code":"SS"},"31":{"country":"South Sudan","continent":"Africa","code":"SS"},"32":{"country":"South Sudan","continent":"Africa","code":"SS"},"33":{"country":"South Sudan","continent":"Africa","code":"SS"},"34":{"country":"Ethiopia","continent":"Africa","code":"ET"},"35":{"country":"Ethiopia","continent":"Africa","code":"ET"},"36":{"country":"Ethiopia","continent":"Africa","code":"ET"},"37":{"country":"Ethiopia","continent":"Africa","code":"ET"},"38":{"country":"Ethiopia","continent":"Africa","code":"ET"},"39":{"country":"Ethiopia","continent":"Africa","code":"ET"},"40":{"country":"Ethiopia","continent":"Africa","code":"ET"},"41":{"country":"Ethiopia","continent":"Africa","code":"ET"},"42":{"country":"Ethiopia","continent":"Africa","code":"ET"},"43":{"country":"Ethiopia","continent":"Africa","code":"ET"},"44":{"country":"Ethiopia","continent":"Africa","code":"ET"},"45":{"country":"Ethiopia","continent":"Africa","code":"ET"},"46":{"country":"Ethiopia","continent":"Africa","code":"ET"},"47":{"country":"Somalia","continent":"Africa","code":"SO"},"48":{"country":"Somalia","continent":"Africa","code":"SO"},"49":{"country":"Somalia","continent":"Africa","code":"SO"},"50":{"country":"Somalia","continent":"Africa","code":"SO"},"51":{"country":"Somalia","continent":"Africa","code":"SO"},"52":{"country":"Somalia","continent":"Africa","code":"SO"},"53":{"country":"Somalia","continent":"Africa","code":"SO"},"54":{"country":"Somalia","continent":"Africa","code":"SO"},"55":{"country":"Somalia","continent":"Africa","code":"SO"},"56":{"country":"Somalia","continent":"Africa","code":"SO"},"57":{"country":"Somalia","continent":"Africa","code":"SO"},"72":{"country":"Maldives","continent":"Asia","code":"MV"},"73":{"country":"India","continent":"Asia","code":"IN"},"74":{"country":"India","continent":"Asia","code":"IN"},"75":{"country":"India","continent":"Asia","code":"IN"},"76":{"country":"India","continent":"Asia","code":"IN"},"77":{"country":"India","continent":"Asia","code":"IN"},"78":{"country":"India","continent":"Asia","code":"IN"},"79":{"country":"Sri Lanka","continent":"Asia","code":"LK"},"80":{"country":"Sri Lanka","continent":"Asia","code":"LK"},"81":{"country":"Sri Lanka","continent":"Asia","code":"LK"},"82":{"country":"Sri Lanka","continent":"Asia","code":"LK"},"93":{"country":"India","continent":"Asia","code":"IN"},"94":{"country":"India","continent":"Asia","code":"IN"},"98":{"country":"Thailand","continent":"Asia","code":"TH"},"99":{"country":"Thailand","continent":"Asia","code":"TH"},"100":{"country":"Thailand","continent":"Asia","code":"TH"},"101":{"country":"Thailand","continent":"Asia","code":"TH"},"102":{"country":"Thailand","continent":"Asia","code":"TH"},"117":{"country":"Philippines","continent":"Asia","code":"PH"},"118":{"country":"Philippines","continent":"Asia","code":"PH"},"119":{"country":"Philippines","continent":"Asia","code":"PH"},"120":{"country":"Philippines","continent":"Asia","code":"PH"},"121":{"country":"Philippines","continent":"Asia","code":"PH"},"122":{"country":"Philippines","continent":"Asia","code":"PH"},"123":{"country":"Philippines","continent":"Asia","code":"PH"},"124":{"country":"Philippines","continent":"Asia","code":"PH"},"125":{"country":"Philippines","continent":"Asia","code":"PH"},"126":{"country":"Philippines","continent":"Asia","code":"PH"},"127":{"country":"Philippines","continent":"Asia","code":"PH"},"128":{"country":"Philippines","continent":"Asia","code":"PH"},"129":{"country":"Philippines","continent":"Asia","code":"PH"},"133":{"country":"Palau","continent":"Oceania","code":"PW"},"134":{"country":"Palau","continent":"Oceania","code":"PW"},"135":{"country":"Palau","continent":"Oceania","code":"PW"},"136":{"country":"Palau","continent":"Oceania","code":"PW"},"137":{"country":"Micronesia","continent":"Oceania","code":"FM"},"138":{"country":"Micronesia","continent":"Oceania","code":"FM"},"139":{"country":"Micronesia","continent":"Oceania","code":"FM"},"140":{"country":"Micronesia","continent":"Oceania","code":"FM"},"141":{"country":"Micronesia","continent":"Oceania","code":"FM"},"142":{"country":"Micronesia","continent":"Oceania","code":"FM"},"143":{"country":"Micronesia","continent":"Oceania","code":"FM"},"144":{"country":"Micronesia","continent":"Oceania","code":"FM"},"145":{"country":"Micronesia","continent":"Oceania","code":"FM"},"146":{"country":"Micronesia","continent":"Oceania","code":"FM"},"147":{"country":"Micronesia","continent":"Oceania","code":"FM"},"148":{"country":"Micronesia","continent":"Oceania","code":"FM"},"149":{"country":"Micronesia","continent":"Oceania","code":"FM"},"150":{"country":"Micronesia","continent":"Oceania","code":"FM"},"151":{"country":"Micronesia","continent":"Oceania","code":"FM"},"152":{"country":"Micronesia","continent":"Oceania","code":"FM"},"153":{"country":"Micronesia","continent":"Oceania","code":"FM"},"154":{"country":"Micronesia","continent":"Oceania","code":"FM"},"155":{"country":"Micronesia","continent":"Oceania","code":"FM"},"156":{"country":"Micronesia","continent":"Oceania","code":"FM"},"157":{"country":"Micronesia","continent":"Oceania","code":"FM"},"158":{"country":"Micronesia","continent":"Oceania","code":"FM"},"163":{"country":"Marshall Islands","continent":"Oceania","code":"MH"},"164":{"country":"Marshall Islands","continent":"Oceania","code":"MH"},"165":{"country":"Marshall Islands","continent":"Oceania","code":"MH"},"166":{"country":"Marshall Islands","continent":"Oceania","code":"MH"},"167":{"country":"Marshall Islands","continent":"Oceania","code":"MH"},"168":{"country":"Marshall Islands","continent":"Oceania","code":"MH"},"169":{"country":"Marshall Islands","continent":"Oceania","code":"MH"},"170":{"country":"Marshall Islands","continent":"Oceania","code":"MH"},"171":{"country":"Marshall Islands","continent":"Oceania","code":"MH"},"172":{"country":"Marshall Islands","continent":"Oceania","code":"MH"},"-86":{"country":"Costa Rica","continent":"North America","code":"CR"},"-85":{"country":"Costa Rica","continent":"North America","code":"CR"},"-84":{"country":"Costa Rica","continent":"North America","code":"CR"},"-83":{"country":"Costa Rica","continent":"North America","code":"CR"},"-82":{"country":"Panama","continent":"North America","code":"PA"},"-81":{"country":"Panama","continent":"North America","code":"PA"},"-80":{"country":"Panama","continent":"North America","code":"PA"},"-79":{"country":"Panama","continent":"North America","code":"PA"},"-78":{"country":"Panama","continent":"North America","code":"PA"},"-77":{"country":"Colombia","continent":"South America","code":"CO"},"-76":{"country":"Colombia","continent":"South America","code":"CO"},"-75":{"country":"Colombia","continent":"South America","code":"CO"},"-74":{"country":"Colombia","continent":"South America","code":"CO"},"-73":{"country":"Colombia","continent":"South America","code":"CO"},"-72":{"country":"Venezuela","continent":"South America","code":"VE"},"-71":{"country":"Venezuela","continent":"South America","code":"VE"},"-70":{"country":"Venezuela","continent":"South America","code":"VE"},"-69":{"country":"Venezuela","continent":"South America","code":"VE"},"-68":{"country":"Venezuela","continent":"South America","code":"VE"},"-67":{"country":"Venezuela","continent":"South America","code":"VE"},"-66":{"country":"Venezuela","continent":"South America","code":"VE"},"-65":{"country":"Venezuela","continent":"South America","code":"VE"},"-64":{"country":"Venezuela","continent":"South America","code":"VE"},"-63":{"country":"Venezuela","continent":"South America","code":"VE"},"-62":{"country":"Venezuela","continent":"South America","code":"VE"},"-61":{"country":"Venezuela","continent":"South America","code":"VE"},"-60":{"country":"Guyana","continent":"South America","code":"GY"},"-59":{"country":"Guyana","continent":"South America","code":"GY"},"-13":{"country":"Sierra Leone","continent":"Africa","code":"SL"},"-12":{"country":"Sierra Leone","continent":"Africa","code":"SL"},"-11":{"country":"Sierra Leone","continent":"Africa","code":"SL"},"-10":{"country":"Liberia","continent":"Africa","code":"LR"},"-9":{"country":"Guinea","continent":"Africa","code":"GN"},"-8":{"country":"Ivory Coast","continent":"Africa","code":"CI"},"-7":{"country":"Ivory Coast","continent":"Africa","code":"CI"},"-6":{"country":"Ivory Coast","continent":"Africa","code":"CI"},"-5":{"country":"Ivory Coast","continent":"Africa","code":"CI"},"-4":{"country":"Ivory Coast","continent":"Africa","code":"CI"},"-3":{"country":"Ivory Coast","continent":"Africa","code":"CI"},"-2":{"country":"Ghana","continent":"Africa","code":"GH"},"-1":{"country":"Ghana","continent":"Africa","code":"GH"}}